{
  "project_info": {
    "project_number": "3478152399",
    "project_id": "alohalogin-1ea82",
    "storage_bucket": "alohalogin-1ea82.appspot.com"
  },
  "client": [
    {
      "client_info": {
        "mobilesdk_app_id": "1:3478152399:android:d1d4d98801d89a304503ba",
        "android_client_info": {
          "package_name": "kr.ac.kpu.alohalogin"
        }
      },
      "oauth_client": [
        {
          "client_id": "3478152399-cfdlhusia12841lv23ms83rrfkdbvdua.apps.googleusercontent.com",
          "client_type": 1,
          "android_info": {
            "package_name": "kr.ac.kpu.alohalogin",
            "certificate_hash": "d05933ecf1fbeb882185f1ad3adec11ea18592c7"
          }
        },
        {
          "client_id": "3478152399-t6eeq2p8qd1k1c8l8esm26db91iki3bi.apps.googleusercontent.com",
          "client_type": 3
        }
      ],
      "api_key": [
        {
          "current_key": "AIzaSyCnTNWbXz5H6KWccw8uabwGql_l5HLfUNI"
        }
      ],
      "services": {
        "appinvite_service": {
          "other_platform_oauth_client": [
            {
              "client_id": "3478152399-t6eeq2p8qd1k1c8l8esm26db91iki3bi.apps.googleusercontent.com",
              "client_type": 3
            }
          ]
        }
      }
    }
  ],
  "configuration_version": "1"
}